  <GetPresetDetailsResponse>
      <GetPresetDetailsResult>
          <IsSuccesfull>true</IsSuccesfull>
          <preset>
              <queryIds>
                  <long>100051</long>
                  <long>100052</long>
                  <long>100054</long>
                  <long>100056</long>
                  <long>100058</long>
                  <long>100060</long>
                  <long>100062</long>
                  <long>100066</long>
                  <long>100068</long>
                  <long>100070</long>
                  <long>100072</long>
                  <long>100074</long>
                  <long>100076</long>
                  <long>100078</long>
                  <long>100080</long>
                  <long>100082</long>
                  <long>100084</long>
                  <long>100085</long>
                  <long>100086</long>
                  <long>100087</long>
                  <long>100088</long>
                  <long>100089</long>
                  <long>100090</long>
                  <long>100091</long>
                  <long>100092</long>
                  <long>100093</long>
                  <long>100094</long>
                  <long>100095</long>
                  <long>100096</long>
                  <long>100097</long>
                  <long>100098</long>
                  <long>100099</long>
                  <long>100100</long>
                  <long>100101</long>
                  <long>100102</long>
                  <long>100103</long>
                  <long>100124</long>
                  <long>100129</long>
              </queryIds>
              <id>100000</id>
              <name>Cloud Native Security</name>
              <owningteam>12321</owningteam>
              <isPublic>true</isPublic>
              <owner>CxUser</owner>
              <isUserAllowToUpdate>true</isUserAllowToUpdate>
              <isUserAllowToDelete>true</isUserAllowToDelete>
              <IsDuplicate>false</IsDuplicate>
          </preset>
      </GetPresetDetailsResult>
  </GetPresetDetailsResponse>