  <GetPresetDetailsResponse>
      <GetPresetDetailsResult>
          <IsSuccesfull>true</IsSuccesfull>
          <preset>
              <queryIds>
                  <long>577</long>
                  <long>578</long>
                  <long>580</long>
                  <long>581</long>
                  <long>582</long>
                  <long>583</long>
                  <long>584</long>
                  <long>585</long>
                  <long>586</long>
                  <long>587</long>
                  <long>588</long>
                  <long>589</long>
                  <long>590</long>
                  <long>591</long>
                  <long>592</long>
                  <long>593</long>
                  <long>594</long>
                  <long>595</long>
                  <long>597</long>
                  <long>599</long>
                  <long>600</long>
                  <long>601</long>
                  <long>602</long>
                  <long>603</long>
                  <long>604</long>
                  <long>605</long>
                  <long>606</long>
                  <long>607</long>
                  <long>608</long>
                  <long>609</long>
                  <long>610</long>
                  <long>611</long>
                  <long>612</long>
                  <long>613</long>
                  <long>614</long>
                  <long>615</long>
                  <long>616</long>
                  <long>618</long>
                  <long>620</long>
                  <long>621</long>
                  <long>622</long>
                  <long>623</long>
                  <long>624</long>
                  <long>625</long>
                  <long>626</long>
                  <long>627</long>
                  <long>628</long>
                  <long>629</long>
                  <long>630</long>
                  <long>632</long>
                  <long>633</long>
                  <long>634</long>
                  <long>636</long>
                  <long>637</long>
                  <long>638</long>
                  <long>639</long>
                  <long>640</long>
                  <long>641</long>
                  <long>642</long>
                  <long>643</long>
                  <long>644</long>
                  <long>645</long>
                  <long>646</long>
                  <long>648</long>
                  <long>658</long>
                  <long>659</long>
                  <long>660</long>
                  <long>661</long>
                  <long>662</long>
                  <long>663</long>
                  <long>664</long>
                  <long>665</long>
                  <long>666</long>
                  <long>667</long>
                  <long>668</long>
                  <long>1056</long>
                  <long>1057</long>
                  <long>1058</long>
                  <long>1059</long>
                  <long>1060</long>
                  <long>1061</long>
                  <long>1062</long>
                  <long>1063</long>
                  <long>1064</long>
                  <long>1065</long>
                  <long>1066</long>
                  <long>1067</long>
                  <long>1068</long>
                  <long>1219</long>
                  <long>1220</long>
                  <long>1389</long>
                  <long>1581</long>
                  <long>1582</long>
                  <long>1583</long>
                  <long>1584</long>
                  <long>1638</long>
                  <long>1639</long>
                  <long>1640</long>
                  <long>1641</long>
                  <long>1642</long>
                  <long>1643</long>
                  <long>1644</long>
                  <long>1645</long>
                  <long>1646</long>
                  <long>1647</long>
                  <long>1648</long>
                  <long>1649</long>
                  <long>1650</long>
                  <long>1651</long>
                  <long>1652</long>
                  <long>1653</long>
                  <long>1654</long>
                  <long>1655</long>
                  <long>1656</long>
                  <long>1657</long>
                  <long>1658</long>
                  <long>1659</long>
                  <long>1660</long>
                  <long>1661</long>
                  <long>1662</long>
                  <long>1663</long>
                  <long>1665</long>
                  <long>1666</long>
                  <long>1667</long>
                  <long>1668</long>
                  <long>1669</long>
                  <long>1670</long>
                  <long>1671</long>
                  <long>1672</long>
                  <long>1673</long>
                  <long>1674</long>
                  <long>1675</long>
                  <long>1676</long>
                  <long>1677</long>
                  <long>1678</long>
                  <long>1679</long>
                  <long>1680</long>
                  <long>1681</long>
                  <long>1682</long>
                  <long>1683</long>
                  <long>1684</long>
                  <long>1685</long>
                  <long>1686</long>
                  <long>1687</long>
                  <long>1695</long>
                  <long>1696</long>
                  <long>1697</long>
                  <long>1698</long>
                  <long>1699</long>
                  <long>1705</long>
                  <long>1707</long>
                  <long>1972</long>
                  <long>2096</long>
                  <long>2097</long>
                  <long>2098</long>
                  <long>2099</long>
                  <long>2127</long>
                  <long>2133</long>
                  <long>2277</long>
                  <long>2336</long>
                  <long>2337</long>
                  <long>2338</long>
                  <long>2342</long>
                  <long>2343</long>
                  <long>2344</long>
                  <long>2375</long>
                  <long>2400</long>
                  <long>2401</long>
                  <long>2402</long>
                  <long>2404</long>
                  <long>2405</long>
                  <long>2407</long>
                  <long>2408</long>
                  <long>2411</long>
                  <long>2413</long>
                  <long>2414</long>
                  <long>2415</long>
                  <long>2510</long>
                  <long>2521</long>
                  <long>2540</long>
                  <long>2550</long>
                  <long>2551</long>
                  <long>2552</long>
                  <long>2553</long>
                  <long>2554</long>
                  <long>2555</long>
                  <long>2556</long>
                  <long>2557</long>
                  <long>2558</long>
                  <long>2559</long>
                  <long>2560</long>
                  <long>2600</long>
                  <long>2601</long>
                  <long>2605</long>
                  <long>2606</long>
                  <long>2607</long>
                  <long>2608</long>
                  <long>2612</long>
                  <long>2613</long>
                  <long>2614</long>
                  <long>2615</long>
                  <long>2616</long>
                  <long>2617</long>
                  <long>2618</long>
                  <long>2619</long>
                  <long>2620</long>
                  <long>2626</long>
                  <long>2627</long>
                  <long>2628</long>
                  <long>2629</long>
                  <long>2630</long>
                  <long>2631</long>
                  <long>2632</long>
                  <long>2633</long>
                  <long>2634</long>
                  <long>2635</long>
                  <long>2636</long>
                  <long>2637</long>
                  <long>2638</long>
                  <long>2639</long>
                  <long>2640</long>
                  <long>2641</long>
                  <long>2642</long>
                  <long>2643</long>
                  <long>2644</long>
                  <long>2645</long>
                  <long>2646</long>
                  <long>2647</long>
                  <long>2648</long>
                  <long>2649</long>
                  <long>2678</long>
                  <long>2696</long>
                  <long>2697</long>
                  <long>2698</long>
                  <long>2718</long>
                  <long>2719</long>
                  <long>2721</long>
                  <long>2722</long>
                  <long>2724</long>
                  <long>2725</long>
                  <long>2726</long>
                  <long>2727</long>
                  <long>2732</long>
                  <long>2756</long>
                  <long>2789</long>
                  <long>2967</long>
                  <long>2974</long>
                  <long>2975</long>
                  <long>2976</long>
                  <long>2979</long>
                  <long>2980</long>
                  <long>2981</long>
                  <long>2982</long>
                  <long>2983</long>
                  <long>2984</long>
                  <long>2985</long>
                  <long>2986</long>
                  <long>2987</long>
                  <long>2988</long>
                  <long>2989</long>
                  <long>2990</long>
                  <long>2991</long>
                  <long>3050</long>
                  <long>3053</long>
                  <long>3075</long>
                  <long>3089</long>
                  <long>3461</long>
                  <long>3522</long>
                  <long>3583</long>
                  <long>3584</long>
                  <long>3591</long>
                  <long>3618</long>
                  <long>3705</long>
                  <long>3706</long>
                  <long>3707</long>
                  <long>3708</long>
                  <long>3709</long>
                  <long>3717</long>
                  <long>3874</long>
                  <long>3875</long>
                  <long>3877</long>
                  <long>3884</long>
                  <long>3885</long>
                  <long>3890</long>
                  <long>3894</long>
                  <long>3896</long>
                  <long>3905</long>
                  <long>3906</long>
                  <long>3908</long>
                  <long>3909</long>
                  <long>3910</long>
                  <long>3916</long>
                  <long>3917</long>
                  <long>3918</long>
                  <long>3920</long>
                  <long>3922</long>
                  <long>3924</long>
                  <long>3926</long>
                  <long>3928</long>
                  <long>3929</long>
                  <long>3930</long>
                  <long>3933</long>
                  <long>3934</long>
                  <long>3935</long>
                  <long>3939</long>
                  <long>3940</long>
                  <long>4001</long>
                  <long>4002</long>
                  <long>4003</long>
                  <long>4004</long>
                  <long>4005</long>
                  <long>4015</long>
                  <long>4033</long>
                  <long>4034</long>
                  <long>4100</long>
                  <long>4101</long>
                  <long>4102</long>
                  <long>4103</long>
                  <long>4104</long>
                  <long>4105</long>
                  <long>4106</long>
                  <long>4107</long>
                  <long>4108</long>
                  <long>4109</long>
                  <long>4110</long>
                  <long>4111</long>
                  <long>4112</long>
                  <long>4113</long>
                  <long>4114</long>
                  <long>4128</long>
                  <long>4170</long>
                  <long>4171</long>
                  <long>4172</long>
                  <long>4173</long>
                  <long>4174</long>
                  <long>4179</long>
                  <long>4180</long>
                  <long>4422</long>
                  <long>4445</long>
                  <long>4446</long>
                  <long>4447</long>
                  <long>4448</long>
                  <long>4477</long>
                  <long>4478</long>
                  <long>4479</long>
                  <long>4480</long>
                  <long>4481</long>
                  <long>4482</long>
                  <long>4483</long>
                  <long>4484</long>
                  <long>4485</long>
                  <long>4486</long>
                  <long>4487</long>
                  <long>4488</long>
                  <long>4489</long>
                  <long>4505</long>
                  <long>4508</long>
                  <long>4509</long>
                  <long>4510</long>
                  <long>4532</long>
                  <long>4540</long>
                  <long>4541</long>
                  <long>4542</long>
                  <long>4545</long>
                  <long>4548</long>
                  <long>4552</long>
                  <long>4580</long>
                  <long>4593</long>
                  <long>4646</long>
                  <long>4683</long>
                  <long>4690</long>
                  <long>4794</long>
                  <long>4839</long>
                  <long>4890</long>
                  <long>4897</long>
                  <long>5153</long>
                  <long>5265</long>
                  <long>5266</long>
                  <long>5270</long>
                  <long>5305</long>
                  <long>5330</long>
                  <long>5331</long>
                  <long>5340</long>
                  <long>5344</long>
                  <long>5345</long>
                  <long>5368</long>
                  <long>5370</long>
                  <long>5404</long>
                  <long>5418</long>
                  <long>5426</long>
                  <long>5450</long>
                  <long>5619</long>
                  <long>5689</long>
                  <long>5808</long>
                  <long>5809</long>
                  <long>5845</long>
                  <long>5876</long>
                  <long>5916</long>
                  <long>6002</long>
                  <long>6019</long>
                  <long>6071</long>
                  <long>6083</long>
                  <long>6086</long>
                  <long>6090</long>
                  <long>6091</long>
                  <long>6093</long>
                  <long>6100</long>
                  <long>6194</long>
                  <long>6196</long>
                  <long>6206</long>
                  <long>6219</long>
                  <long>6228</long>
                  <long>6229</long>
                  <long>6230</long>
                  <long>6233</long>
                  <long>6236</long>
                  <long>6238</long>
                  <long>6240</long>
                  <long>6241</long>
                  <long>6242</long>
                  <long>6243</long>
                  <long>6245</long>
                  <long>6253</long>
                  <long>6255</long>
                  <long>6291</long>
                  <long>6292</long>
                  <long>6295</long>
                  <long>6322</long>
                  <long>6328</long>
                  <long>6365</long>
                  <long>6366</long>
                  <long>6368</long>
                  <long>6369</long>
                  <long>6372</long>
                  <long>6374</long>
                  <long>6382</long>
                  <long>6387</long>
                  <long>6388</long>
                  <long>6390</long>
                  <long>6391</long>
                  <long>6392</long>
                  <long>6393</long>
                  <long>6396</long>
                  <long>6397</long>
                  <long>6400</long>
              </queryIds>
              <id>100001</id>
              <name>Demo Preset</name>
              <owningteam>12321</owningteam>
              <isPublic>true</isPublic>
              <owner>admin</owner>
              <isUserAllowToUpdate>true</isUserAllowToUpdate>
              <isUserAllowToDelete>true</isUserAllowToDelete>
              <IsDuplicate>false</IsDuplicate>
          </preset>
      </GetPresetDetailsResult>
  </GetPresetDetailsResponse>