  <GetPresetDetailsResponse>
      <GetPresetDetailsResult>
          <IsSuccesfull>true</IsSuccesfull>
          <preset>
              <queryIds>
                  <long>503</long>
                  <long>504</long>
                  <long>505</long>
                  <long>506</long>
                  <long>507</long>
                  <long>508</long>
                  <long>509</long>
                  <long>510</long>
                  <long>511</long>
                  <long>512</long>
                  <long>513</long>
                  <long>514</long>
                  <long>516</long>
                  <long>517</long>
                  <long>518</long>
                  <long>519</long>
                  <long>520</long>
                  <long>521</long>
                  <long>523</long>
                  <long>524</long>
                  <long>526</long>
                  <long>527</long>
                  <long>529</long>
                  <long>530</long>
                  <long>531</long>
                  <long>532</long>
                  <long>588</long>
                  <long>594</long>
                  <long>604</long>
                  <long>609</long>
                  <long>1585</long>
                  <long>1641</long>
                  <long>1649</long>
                  <long>1650</long>
                  <long>2183</long>
                  <long>2184</long>
                  <long>2185</long>
                  <long>2186</long>
                  <long>2187</long>
                  <long>2188</long>
                  <long>2189</long>
                  <long>2190</long>
                  <long>2191</long>
                  <long>2192</long>
                  <long>2193</long>
                  <long>2194</long>
                  <long>2195</long>
                  <long>2196</long>
                  <long>2197</long>
                  <long>2221</long>
                  <long>2794</long>
                  <long>2795</long>
                  <long>2796</long>
                  <long>2797</long>
                  <long>2851</long>
                  <long>2852</long>
                  <long>2857</long>
                  <long>2905</long>
                  <long>2906</long>
                  <long>2907</long>
                  <long>2908</long>
                  <long>2909</long>
                  <long>2910</long>
                  <long>2911</long>
                  <long>2912</long>
                  <long>2913</long>
                  <long>2914</long>
                  <long>2915</long>
                  <long>2916</long>
                  <long>2917</long>
                  <long>2918</long>
                  <long>2919</long>
                  <long>3090</long>
                  <long>3587</long>
                  <long>3588</long>
                  <long>3592</long>
                  <long>3593</long>
                  <long>3594</long>
                  <long>3596</long>
                  <long>3608</long>
                  <long>3609</long>
                  <long>3610</long>
                  <long>3611</long>
                  <long>3617</long>
                  <long>3618</long>
                  <long>3624</long>
                  <long>3626</long>
                  <long>3633</long>
                  <long>3634</long>
                  <long>3843</long>
                  <long>3865</long>
                  <long>3866</long>
                  <long>3867</long>
                  <long>3937</long>
                  <long>3938</long>
                  <long>4001</long>
                  <long>4002</long>
                  <long>4003</long>
                  <long>4004</long>
                  <long>4015</long>
                  <long>4414</long>
                  <long>4477</long>
                  <long>4478</long>
                  <long>4479</long>
                  <long>4480</long>
                  <long>4481</long>
                  <long>4482</long>
                  <long>4483</long>
                  <long>4484</long>
                  <long>4485</long>
                  <long>4486</long>
                  <long>4487</long>
                  <long>4488</long>
                  <long>4489</long>
                  <long>4508</long>
                  <long>4509</long>
                  <long>4690</long>
                  <long>4728</long>
                  <long>4732</long>
                  <long>4735</long>
                  <long>4787</long>
                  <long>4794</long>
                  <long>4895</long>
                  <long>4899</long>
                  <long>5296</long>
                  <long>5299</long>
                  <long>5320</long>
                  <long>5340</long>
                  <long>5344</long>
                  <long>5345</long>
                  <long>5637</long>
                  <long>5638</long>
                  <long>5639</long>
                  <long>5640</long>
                  <long>5641</long>
                  <long>5648</long>
                  <long>5649</long>
                  <long>5653</long>
                  <long>5685</long>
                  <long>5687</long>
                  <long>5691</long>
                  <long>5694</long>
                  <long>5719</long>
                  <long>5764</long>
                  <long>5767</long>
                  <long>5806</long>
                  <long>5807</long>
                  <long>5815</long>
                  <long>5821</long>
                  <long>5825</long>
                  <long>5835</long>
                  <long>5840</long>
                  <long>5862</long>
                  <long>5872</long>
                  <long>5873</long>
                  <long>5882</long>
                  <long>5889</long>
                  <long>5891</long>
                  <long>5897</long>
                  <long>5901</long>
                  <long>5904</long>
                  <long>5915</long>
              </queryIds>
              <id>110004</id>
              <name>CBA Mobile Policy</name>
              <owningteam>12321</owningteam>
              <isPublic>true</isPublic>
              <owner>CxUser</owner>
              <isUserAllowToUpdate>true</isUserAllowToUpdate>
              <isUserAllowToDelete>true</isUserAllowToDelete>
              <IsDuplicate>false</IsDuplicate>
          </preset>
      </GetPresetDetailsResult>
  </GetPresetDetailsResponse>