  <GetPresetDetailsResponse>
      <GetPresetDetailsResult>
          <IsSuccesfull>true</IsSuccesfull>
          <preset>
              <queryIds>
                  <long>51</long>
                  <long>52</long>
                  <long>53</long>
                  <long>54</long>
                  <long>55</long>
                  <long>56</long>
                  <long>57</long>
                  <long>1001</long>
                  <long>1002</long>
                  <long>1004</long>
                  <long>1005</long>
                  <long>1006</long>
                  <long>1007</long>
                  <long>1008</long>
                  <long>1009</long>
                  <long>1010</long>
                  <long>1011</long>
                  <long>1012</long>
                  <long>1014</long>
                  <long>1015</long>
                  <long>1016</long>
                  <long>1017</long>
                  <long>1018</long>
                  <long>1019</long>
                  <long>1020</long>
                  <long>1021</long>
                  <long>1022</long>
                  <long>1023</long>
                  <long>1024</long>
                  <long>1025</long>
                  <long>1026</long>
                  <long>1027</long>
                  <long>1028</long>
                  <long>1029</long>
                  <long>1030</long>
                  <long>1031</long>
                  <long>1032</long>
                  <long>1033</long>
                  <long>1034</long>
                  <long>1035</long>
                  <long>1801</long>
                  <long>2258</long>
                  <long>2354</long>
                  <long>2355</long>
                  <long>2356</long>
                  <long>2357</long>
                  <long>2358</long>
                  <long>2359</long>
                  <long>2360</long>
                  <long>2361</long>
                  <long>2362</long>
                  <long>2363</long>
                  <long>2364</long>
                  <long>2365</long>
                  <long>2366</long>
                  <long>2367</long>
                  <long>2368</long>
                  <long>2369</long>
                  <long>2370</long>
                  <long>2371</long>
                  <long>2372</long>
                  <long>2374</long>
                  <long>2400</long>
                  <long>2401</long>
                  <long>2402</long>
                  <long>2404</long>
                  <long>2405</long>
                  <long>2407</long>
                  <long>2408</long>
                  <long>2411</long>
                  <long>2413</long>
                  <long>2414</long>
                  <long>2415</long>
                  <long>2510</long>
                  <long>2521</long>
                  <long>2540</long>
                  <long>2550</long>
                  <long>2551</long>
                  <long>2552</long>
                  <long>2553</long>
                  <long>2554</long>
                  <long>2555</long>
                  <long>2556</long>
                  <long>2557</long>
                  <long>2558</long>
                  <long>2559</long>
                  <long>2560</long>
                  <long>2600</long>
                  <long>2601</long>
                  <long>2605</long>
                  <long>2606</long>
                  <long>2607</long>
                  <long>2608</long>
                  <long>2612</long>
                  <long>2613</long>
                  <long>2614</long>
                  <long>2615</long>
                  <long>2616</long>
                  <long>2617</long>
                  <long>2618</long>
                  <long>2619</long>
                  <long>2620</long>
                  <long>2718</long>
                  <long>2719</long>
                  <long>2721</long>
                  <long>2722</long>
                  <long>2725</long>
                  <long>2726</long>
                  <long>2727</long>
                  <long>2769</long>
                  <long>2967</long>
                  <long>2968</long>
                  <long>2969</long>
                  <long>2970</long>
                  <long>2972</long>
                  <long>2973</long>
                  <long>2974</long>
                  <long>2975</long>
                  <long>2976</long>
                  <long>2977</long>
                  <long>2978</long>
                  <long>2979</long>
                  <long>2980</long>
                  <long>2981</long>
                  <long>2982</long>
                  <long>2983</long>
                  <long>2984</long>
                  <long>2985</long>
                  <long>2986</long>
                  <long>2987</long>
                  <long>2988</long>
                  <long>2989</long>
                  <long>2990</long>
                  <long>2991</long>
                  <long>3050</long>
                  <long>3075</long>
                  <long>3583</long>
                  <long>3705</long>
                  <long>3706</long>
                  <long>3707</long>
                  <long>3708</long>
                  <long>3709</long>
                  <long>3905</long>
                  <long>3906</long>
                  <long>3908</long>
                  <long>3909</long>
                  <long>3910</long>
                  <long>3916</long>
                  <long>3917</long>
                  <long>3918</long>
                  <long>3920</long>
                  <long>3922</long>
                  <long>3924</long>
                  <long>3926</long>
                  <long>3928</long>
                  <long>3929</long>
                  <long>3930</long>
                  <long>3933</long>
                  <long>3934</long>
                  <long>3935</long>
                  <long>3939</long>
                  <long>3940</long>
                  <long>4005</long>
                  <long>4033</long>
                  <long>4100</long>
                  <long>4101</long>
                  <long>4102</long>
                  <long>4103</long>
                  <long>4104</long>
                  <long>4105</long>
                  <long>4106</long>
                  <long>4107</long>
                  <long>4108</long>
                  <long>4109</long>
                  <long>4110</long>
                  <long>4111</long>
                  <long>4112</long>
                  <long>4113</long>
                  <long>4114</long>
                  <long>4128</long>
                  <long>4170</long>
                  <long>4171</long>
                  <long>4172</long>
                  <long>4173</long>
                  <long>4174</long>
                  <long>4505</long>
                  <long>4510</long>
                  <long>4548</long>
                  <long>4552</long>
                  <long>4585</long>
                  <long>4646</long>
                  <long>4683</long>
                  <long>5404</long>
                  <long>5418</long>
                  <long>5450</long>
                  <long>5808</long>
                  <long>5809</long>
              </queryIds>
              <id>110003</id>
              <name>PortalAll_SF_VSTS_Level1</name>
              <owningteam>12321</owningteam>
              <isPublic>true</isPublic>
              <owner>CxUser</owner>
              <isUserAllowToUpdate>true</isUserAllowToUpdate>
              <isUserAllowToDelete>true</isUserAllowToDelete>
              <IsDuplicate>false</IsDuplicate>
          </preset>
      </GetPresetDetailsResult>
  </GetPresetDetailsResponse>