  <GetPresetDetailsResponse>
      <GetPresetDetailsResult>
          <IsSuccesfull>true</IsSuccesfull>
          <preset>
              <queryIds>
                  <long>51</long>
                  <long>52</long>
                  <long>53</long>
                  <long>54</long>
                  <long>55</long>
                  <long>56</long>
                  <long>57</long>
                  <long>132</long>
                  <long>133</long>
                  <long>134</long>
                  <long>135</long>
                  <long>136</long>
                  <long>137</long>
                  <long>138</long>
                  <long>139</long>
                  <long>140</long>
                  <long>141</long>
                  <long>142</long>
                  <long>143</long>
                  <long>144</long>
                  <long>145</long>
                  <long>146</long>
                  <long>147</long>
                  <long>148</long>
                  <long>149</long>
                  <long>150</long>
                  <long>151</long>
                  <long>152</long>
                  <long>153</long>
                  <long>154</long>
                  <long>155</long>
                  <long>156</long>
                  <long>157</long>
                  <long>158</long>
                  <long>159</long>
                  <long>160</long>
                  <long>161</long>
                  <long>162</long>
                  <long>164</long>
                  <long>165</long>
                  <long>166</long>
                  <long>167</long>
                  <long>168</long>
                  <long>169</long>
                  <long>170</long>
                  <long>171</long>
                  <long>172</long>
                  <long>173</long>
                  <long>174</long>
                  <long>175</long>
                  <long>176</long>
                  <long>178</long>
                  <long>179</long>
                  <long>180</long>
                  <long>181</long>
                  <long>182</long>
                  <long>184</long>
                  <long>185</long>
                  <long>186</long>
                  <long>187</long>
                  <long>188</long>
                  <long>189</long>
                  <long>190</long>
                  <long>191</long>
                  <long>192</long>
                  <long>193</long>
                  <long>211</long>
                  <long>212</long>
                  <long>213</long>
                  <long>214</long>
                  <long>215</long>
                  <long>216</long>
                  <long>217</long>
                  <long>219</long>
                  <long>220</long>
                  <long>221</long>
                  <long>226</long>
                  <long>271</long>
                  <long>272</long>
                  <long>273</long>
                  <long>274</long>
                  <long>275</long>
                  <long>276</long>
                  <long>277</long>
                  <long>280</long>
                  <long>281</long>
                  <long>283</long>
                  <long>284</long>
                  <long>285</long>
                  <long>286</long>
                  <long>287</long>
                  <long>288</long>
                  <long>289</long>
                  <long>290</long>
                  <long>291</long>
                  <long>292</long>
                  <long>294</long>
                  <long>295</long>
                  <long>296</long>
                  <long>297</long>
                  <long>298</long>
                  <long>300</long>
                  <long>302</long>
                  <long>303</long>
                  <long>304</long>
                  <long>305</long>
                  <long>306</long>
                  <long>307</long>
                  <long>308</long>
                  <long>310</long>
                  <long>311</long>
                  <long>312</long>
                  <long>313</long>
                  <long>314</long>
                  <long>315</long>
                  <long>316</long>
                  <long>317</long>
                  <long>318</long>
                  <long>319</long>
                  <long>320</long>
                  <long>321</long>
                  <long>322</long>
                  <long>323</long>
                  <long>324</long>
                  <long>325</long>
                  <long>326</long>
                  <long>327</long>
                  <long>328</long>
                  <long>330</long>
                  <long>332</long>
                  <long>334</long>
                  <long>335</long>
                  <long>336</long>
                  <long>337</long>
                  <long>338</long>
                  <long>339</long>
                  <long>340</long>
                  <long>341</long>
                  <long>342</long>
                  <long>343</long>
                  <long>344</long>
                  <long>345</long>
                  <long>346</long>
                  <long>347</long>
                  <long>348</long>
                  <long>349</long>
                  <long>350</long>
                  <long>417</long>
                  <long>418</long>
                  <long>419</long>
                  <long>420</long>
                  <long>421</long>
                  <long>422</long>
                  <long>423</long>
                  <long>424</long>
                  <long>425</long>
                  <long>426</long>
                  <long>427</long>
                  <long>428</long>
                  <long>429</long>
                  <long>430</long>
                  <long>431</long>
                  <long>432</long>
                  <long>433</long>
                  <long>434</long>
                  <long>435</long>
                  <long>436</long>
                  <long>437</long>
                  <long>438</long>
                  <long>439</long>
                  <long>440</long>
                  <long>441</long>
                  <long>442</long>
                  <long>443</long>
                  <long>444</long>
                  <long>445</long>
                  <long>446</long>
                  <long>447</long>
                  <long>448</long>
                  <long>449</long>
                  <long>450</long>
                  <long>451</long>
                  <long>452</long>
                  <long>453</long>
                  <long>454</long>
                  <long>455</long>
                  <long>456</long>
                  <long>457</long>
                  <long>458</long>
                  <long>459</long>
                  <long>460</long>
                  <long>461</long>
                  <long>462</long>
                  <long>463</long>
                  <long>464</long>
                  <long>465</long>
                  <long>466</long>
                  <long>467</long>
                  <long>468</long>
                  <long>469</long>
                  <long>470</long>
                  <long>471</long>
                  <long>472</long>
                  <long>473</long>
                  <long>474</long>
                  <long>475</long>
                  <long>476</long>
                  <long>477</long>
                  <long>478</long>
                  <long>479</long>
                  <long>480</long>
                  <long>481</long>
                  <long>482</long>
                  <long>483</long>
                  <long>493</long>
                  <long>494</long>
                  <long>495</long>
                  <long>496</long>
                  <long>497</long>
                  <long>498</long>
                  <long>499</long>
                  <long>500</long>
                  <long>501</long>
                  <long>502</long>
                  <long>577</long>
                  <long>578</long>
                  <long>580</long>
                  <long>581</long>
                  <long>582</long>
                  <long>583</long>
                  <long>584</long>
                  <long>585</long>
                  <long>586</long>
                  <long>587</long>
                  <long>588</long>
                  <long>589</long>
                  <long>590</long>
                  <long>591</long>
                  <long>592</long>
                  <long>593</long>
                  <long>594</long>
                  <long>595</long>
                  <long>597</long>
                  <long>598</long>
                  <long>599</long>
                  <long>600</long>
                  <long>601</long>
                  <long>602</long>
                  <long>603</long>
                  <long>604</long>
                  <long>605</long>
                  <long>606</long>
                  <long>607</long>
                  <long>608</long>
                  <long>609</long>
                  <long>610</long>
                  <long>611</long>
                  <long>612</long>
                  <long>613</long>
                  <long>614</long>
                  <long>615</long>
                  <long>616</long>
                  <long>618</long>
                  <long>620</long>
                  <long>621</long>
                  <long>622</long>
                  <long>623</long>
                  <long>624</long>
                  <long>625</long>
                  <long>626</long>
                  <long>627</long>
                  <long>628</long>
                  <long>629</long>
                  <long>630</long>
                  <long>632</long>
                  <long>633</long>
                  <long>634</long>
                  <long>636</long>
                  <long>637</long>
                  <long>638</long>
                  <long>639</long>
                  <long>640</long>
                  <long>641</long>
                  <long>642</long>
                  <long>643</long>
                  <long>644</long>
                  <long>645</long>
                  <long>646</long>
                  <long>648</long>
                  <long>658</long>
                  <long>659</long>
                  <long>660</long>
                  <long>661</long>
                  <long>662</long>
                  <long>663</long>
                  <long>664</long>
                  <long>665</long>
                  <long>666</long>
                  <long>667</long>
                  <long>668</long>
                  <long>708</long>
                  <long>710</long>
                  <long>716</long>
                  <long>762</long>
                  <long>763</long>
                  <long>764</long>
                  <long>765</long>
                  <long>766</long>
                  <long>767</long>
                  <long>768</long>
                  <long>769</long>
                  <long>770</long>
                  <long>771</long>
                  <long>772</long>
                  <long>773</long>
                  <long>774</long>
                  <long>775</long>
                  <long>776</long>
                  <long>777</long>
                  <long>778</long>
                  <long>779</long>
                  <long>780</long>
                  <long>781</long>
                  <long>782</long>
                  <long>783</long>
                  <long>784</long>
                  <long>785</long>
                  <long>786</long>
                  <long>787</long>
                  <long>788</long>
                  <long>789</long>
                  <long>790</long>
                  <long>791</long>
                  <long>792</long>
                  <long>793</long>
                  <long>794</long>
                  <long>795</long>
                  <long>796</long>
                  <long>797</long>
                  <long>798</long>
                  <long>799</long>
                  <long>800</long>
                  <long>801</long>
                  <long>802</long>
                  <long>803</long>
                  <long>804</long>
                  <long>805</long>
                  <long>806</long>
                  <long>807</long>
                  <long>808</long>
                  <long>809</long>
                  <long>810</long>
                  <long>811</long>
                  <long>812</long>
                  <long>813</long>
                  <long>814</long>
                  <long>815</long>
                  <long>816</long>
                  <long>817</long>
                  <long>818</long>
                  <long>819</long>
                  <long>820</long>
                  <long>821</long>
                  <long>831</long>
                  <long>832</long>
                  <long>833</long>
                  <long>834</long>
                  <long>835</long>
                  <long>836</long>
                  <long>837</long>
                  <long>838</long>
                  <long>839</long>
                  <long>840</long>
                  <long>842</long>
                  <long>843</long>
                  <long>844</long>
                  <long>845</long>
                  <long>846</long>
                  <long>847</long>
                  <long>848</long>
                  <long>849</long>
                  <long>862</long>
                  <long>1001</long>
                  <long>1002</long>
                  <long>1004</long>
                  <long>1005</long>
                  <long>1006</long>
                  <long>1007</long>
                  <long>1008</long>
                  <long>1009</long>
                  <long>1010</long>
                  <long>1011</long>
                  <long>1012</long>
                  <long>1014</long>
                  <long>1015</long>
                  <long>1016</long>
                  <long>1017</long>
                  <long>1018</long>
                  <long>1019</long>
                  <long>1020</long>
                  <long>1021</long>
                  <long>1022</long>
                  <long>1023</long>
                  <long>1024</long>
                  <long>1025</long>
                  <long>1026</long>
                  <long>1027</long>
                  <long>1028</long>
                  <long>1029</long>
                  <long>1030</long>
                  <long>1031</long>
                  <long>1032</long>
                  <long>1033</long>
                  <long>1034</long>
                  <long>1035</long>
                  <long>1056</long>
                  <long>1057</long>
                  <long>1058</long>
                  <long>1059</long>
                  <long>1060</long>
                  <long>1061</long>
                  <long>1062</long>
                  <long>1063</long>
                  <long>1064</long>
                  <long>1065</long>
                  <long>1066</long>
                  <long>1067</long>
                  <long>1068</long>
                  <long>1107</long>
                  <long>1108</long>
                  <long>1109</long>
                  <long>1110</long>
                  <long>1111</long>
                  <long>1112</long>
                  <long>1113</long>
                  <long>1114</long>
                  <long>1115</long>
                  <long>1116</long>
                  <long>1117</long>
                  <long>1118</long>
                  <long>1201</long>
                  <long>1202</long>
                  <long>1204</long>
                  <long>1210</long>
                  <long>1211</long>
                  <long>1212</long>
                  <long>1213</long>
                  <long>1214</long>
                  <long>1215</long>
                  <long>1216</long>
                  <long>1219</long>
                  <long>1220</long>
                  <long>1312</long>
                  <long>1313</long>
                  <long>1314</long>
                  <long>1315</long>
                  <long>1316</long>
                  <long>1317</long>
                  <long>1318</long>
                  <long>1319</long>
                  <long>1334</long>
                  <long>1335</long>
                  <long>1336</long>
                  <long>1337</long>
                  <long>1338</long>
                  <long>1339</long>
                  <long>1340</long>
                  <long>1341</long>
                  <long>1342</long>
                  <long>1343</long>
                  <long>1344</long>
                  <long>1345</long>
                  <long>1346</long>
                  <long>1347</long>
                  <long>1348</long>
                  <long>1349</long>
                  <long>1350</long>
                  <long>1383</long>
                  <long>1389</long>
                  <long>1392</long>
                  <long>1394</long>
                  <long>1398</long>
                  <long>1404</long>
                  <long>1405</long>
                  <long>1406</long>
                  <long>1407</long>
                  <long>1412</long>
                  <long>1413</long>
                  <long>1414</long>
                  <long>1418</long>
                  <long>1420</long>
                  <long>1503</long>
                  <long>1504</long>
                  <long>1505</long>
                  <long>1506</long>
                  <long>1507</long>
                  <long>1508</long>
                  <long>1509</long>
                  <long>1510</long>
                  <long>1511</long>
                  <long>1512</long>
                  <long>1513</long>
                  <long>1514</long>
                  <long>1515</long>
                  <long>1516</long>
                  <long>1517</long>
                  <long>1518</long>
                  <long>1519</long>
                  <long>1520</long>
                  <long>1521</long>
                  <long>1522</long>
                  <long>1523</long>
                  <long>1524</long>
                  <long>1525</long>
                  <long>1526</long>
                  <long>1527</long>
                  <long>1528</long>
                  <long>1529</long>
                  <long>1530</long>
                  <long>1531</long>
                  <long>1532</long>
                  <long>1533</long>
                  <long>1534</long>
                  <long>1536</long>
                  <long>1537</long>
                  <long>1538</long>
                  <long>1539</long>
                  <long>1540</long>
                  <long>1541</long>
                  <long>1542</long>
                  <long>1543</long>
                  <long>1544</long>
                  <long>1545</long>
                  <long>1546</long>
                  <long>1547</long>
                  <long>1548</long>
                  <long>1549</long>
                  <long>1550</long>
                  <long>1551</long>
                  <long>1552</long>
                  <long>1553</long>
                  <long>1562</long>
                  <long>1563</long>
                  <long>1564</long>
                  <long>1565</long>
                  <long>1581</long>
                  <long>1582</long>
                  <long>1583</long>
                  <long>1584</long>
                  <long>1638</long>
                  <long>1639</long>
                  <long>1640</long>
                  <long>1641</long>
                  <long>1642</long>
                  <long>1643</long>
                  <long>1644</long>
                  <long>1645</long>
                  <long>1646</long>
                  <long>1647</long>
                  <long>1648</long>
                  <long>1649</long>
                  <long>1650</long>
                  <long>1651</long>
                  <long>1652</long>
                  <long>1653</long>
                  <long>1654</long>
                  <long>1655</long>
                  <long>1656</long>
                  <long>1657</long>
                  <long>1658</long>
                  <long>1659</long>
                  <long>1660</long>
                  <long>1661</long>
                  <long>1662</long>
                  <long>1663</long>
                  <long>1665</long>
                  <long>1666</long>
                  <long>1667</long>
                  <long>1668</long>
                  <long>1669</long>
                  <long>1670</long>
                  <long>1671</long>
                  <long>1672</long>
                  <long>1673</long>
                  <long>1674</long>
                  <long>1675</long>
                  <long>1676</long>
                  <long>1677</long>
                  <long>1678</long>
                  <long>1679</long>
                  <long>1680</long>
                  <long>1681</long>
                  <long>1682</long>
                  <long>1683</long>
                  <long>1684</long>
                  <long>1685</long>
                  <long>1686</long>
                  <long>1687</long>
                  <long>1695</long>
                  <long>1696</long>
                  <long>1697</long>
                  <long>1698</long>
                  <long>1699</long>
                  <long>1705</long>
                  <long>1707</long>
                  <long>1801</long>
                  <long>1802</long>
                  <long>1972</long>
                  <long>1981</long>
                  <long>2011</long>
                  <long>2012</long>
                  <long>2013</long>
                  <long>2014</long>
                  <long>2015</long>
                  <long>2016</long>
                  <long>2017</long>
                  <long>2018</long>
                  <long>2019</long>
                  <long>2020</long>
                  <long>2022</long>
                  <long>2024</long>
                  <long>2026</long>
                  <long>2039</long>
                  <long>2040</long>
                  <long>2041</long>
                  <long>2042</long>
                  <long>2043</long>
                  <long>2044</long>
                  <long>2045</long>
                  <long>2046</long>
                  <long>2047</long>
                  <long>2048</long>
                  <long>2054</long>
                  <long>2056</long>
                  <long>2057</long>
                  <long>2058</long>
                  <long>2059</long>
                  <long>2060</long>
                  <long>2061</long>
                  <long>2065</long>
                  <long>2066</long>
                  <long>2067</long>
                  <long>2068</long>
                  <long>2069</long>
                  <long>2070</long>
                  <long>2090</long>
                  <long>2091</long>
                  <long>2092</long>
                  <long>2093</long>
                  <long>2096</long>
                  <long>2097</long>
                  <long>2098</long>
                  <long>2099</long>
                  <long>2107</long>
                  <long>2119</long>
                  <long>2120</long>
                  <long>2121</long>
                  <long>2122</long>
                  <long>2124</long>
                  <long>2125</long>
                  <long>2126</long>
                  <long>2127</long>
                  <long>2128</long>
                  <long>2129</long>
                  <long>2130</long>
                  <long>2133</long>
                  <long>2183</long>
                  <long>2184</long>
                  <long>2185</long>
                  <long>2186</long>
                  <long>2187</long>
                  <long>2188</long>
                  <long>2189</long>
                  <long>2190</long>
                  <long>2191</long>
                  <long>2192</long>
                  <long>2193</long>
                  <long>2195</long>
                  <long>2196</long>
                  <long>2197</long>
                  <long>2210</long>
                  <long>2218</long>
                  <long>2219</long>
                  <long>2220</long>
                  <long>2221</long>
                  <long>2226</long>
                  <long>2258</long>
                  <long>2259</long>
                  <long>2277</long>
                  <long>2287</long>
                  <long>2319</long>
                  <long>2320</long>
                  <long>2321</long>
                  <long>2336</long>
                  <long>2337</long>
                  <long>2338</long>
                  <long>2342</long>
                  <long>2343</long>
                  <long>2344</long>
                  <long>2350</long>
                  <long>2351</long>
                  <long>2353</long>
                  <long>2375</long>
                  <long>2378</long>
                  <long>2379</long>
                  <long>2380</long>
                  <long>2381</long>
                  <long>2382</long>
                  <long>2383</long>
                  <long>2400</long>
                  <long>2401</long>
                  <long>2402</long>
                  <long>2404</long>
                  <long>2405</long>
                  <long>2407</long>
                  <long>2408</long>
                  <long>2411</long>
                  <long>2413</long>
                  <long>2414</long>
                  <long>2415</long>
                  <long>2441</long>
                  <long>2510</long>
                  <long>2521</long>
                  <long>2540</long>
                  <long>2550</long>
                  <long>2551</long>
                  <long>2552</long>
                  <long>2553</long>
                  <long>2554</long>
                  <long>2555</long>
                  <long>2556</long>
                  <long>2557</long>
                  <long>2558</long>
                  <long>2559</long>
                  <long>2560</long>
                  <long>2600</long>
                  <long>2601</long>
                  <long>2605</long>
                  <long>2606</long>
                  <long>2607</long>
                  <long>2608</long>
                  <long>2612</long>
                  <long>2613</long>
                  <long>2614</long>
                  <long>2615</long>
                  <long>2616</long>
                  <long>2617</long>
                  <long>2618</long>
                  <long>2619</long>
                  <long>2620</long>
                  <long>2626</long>
                  <long>2627</long>
                  <long>2628</long>
                  <long>2629</long>
                  <long>2630</long>
                  <long>2631</long>
                  <long>2632</long>
                  <long>2633</long>
                  <long>2634</long>
                  <long>2635</long>
                  <long>2636</long>
                  <long>2637</long>
                  <long>2638</long>
                  <long>2639</long>
                  <long>2640</long>
                  <long>2641</long>
                  <long>2642</long>
                  <long>2643</long>
                  <long>2644</long>
                  <long>2645</long>
                  <long>2646</long>
                  <long>2647</long>
                  <long>2678</long>
                  <long>2694</long>
                  <long>2696</long>
                  <long>2697</long>
                  <long>2698</long>
                  <long>2707</long>
                  <long>2708</long>
                  <long>2709</long>
                  <long>2710</long>
                  <long>2711</long>
                  <long>2712</long>
                  <long>2713</long>
                  <long>2714</long>
                  <long>2717</long>
                  <long>2718</long>
                  <long>2719</long>
                  <long>2721</long>
                  <long>2722</long>
                  <long>2724</long>
                  <long>2725</long>
                  <long>2726</long>
                  <long>2727</long>
                  <long>2731</long>
                  <long>2732</long>
                  <long>2755</long>
                  <long>2756</long>
                  <long>2762</long>
                  <long>2763</long>
                  <long>2769</long>
                  <long>2770</long>
                  <long>2772</long>
                  <long>2773</long>
                  <long>2774</long>
                  <long>2778</long>
                  <long>2779</long>
                  <long>2780</long>
                  <long>2781</long>
                  <long>2789</long>
                  <long>2794</long>
                  <long>2795</long>
                  <long>2796</long>
                  <long>2797</long>
                  <long>2851</long>
                  <long>2852</long>
                  <long>2857</long>
                  <long>2905</long>
                  <long>2906</long>
                  <long>2907</long>
                  <long>2908</long>
                  <long>2909</long>
                  <long>2910</long>
                  <long>2911</long>
                  <long>2912</long>
                  <long>2913</long>
                  <long>2914</long>
                  <long>2915</long>
                  <long>2916</long>
                  <long>2917</long>
                  <long>2918</long>
                  <long>2919</long>
                  <long>2963</long>
                  <long>2967</long>
                  <long>2974</long>
                  <long>2975</long>
                  <long>2976</long>
                  <long>2979</long>
                  <long>2980</long>
                  <long>2981</long>
                  <long>2982</long>
                  <long>2983</long>
                  <long>2984</long>
                  <long>2985</long>
                  <long>2986</long>
                  <long>2987</long>
                  <long>2988</long>
                  <long>2989</long>
                  <long>2990</long>
                  <long>2991</long>
                  <long>3018</long>
                  <long>3050</long>
                  <long>3053</long>
                  <long>3055</long>
                  <long>3070</long>
                  <long>3075</long>
                  <long>3089</long>
                  <long>3092</long>
                  <long>3100</long>
                  <long>3101</long>
                  <long>3102</long>
                  <long>3103</long>
                  <long>3104</long>
                  <long>3105</long>
                  <long>3106</long>
                  <long>3107</long>
                  <long>3108</long>
                  <long>3109</long>
                  <long>3110</long>
                  <long>3111</long>
                  <long>3112</long>
                  <long>3114</long>
                  <long>3115</long>
                  <long>3116</long>
                  <long>3255</long>
                  <long>3256</long>
                  <long>3257</long>
                  <long>3258</long>
                  <long>3259</long>
                  <long>3260</long>
                  <long>3261</long>
                  <long>3262</long>
                  <long>3263</long>
                  <long>3264</long>
                  <long>3265</long>
                  <long>3266</long>
                  <long>3267</long>
                  <long>3268</long>
                  <long>3269</long>
                  <long>3270</long>
                  <long>3271</long>
                  <long>3272</long>
                  <long>3273</long>
                  <long>3274</long>
                  <long>3275</long>
                  <long>3276</long>
                  <long>3277</long>
                  <long>3278</long>
                  <long>3279</long>
                  <long>3280</long>
                  <long>3281</long>
                  <long>3282</long>
                  <long>3283</long>
                  <long>3284</long>
                  <long>3285</long>
                  <long>3286</long>
                  <long>3287</long>
                  <long>3288</long>
                  <long>3289</long>
                  <long>3290</long>
                  <long>3291</long>
                  <long>3292</long>
                  <long>3293</long>
                  <long>3294</long>
                  <long>3295</long>
                  <long>3296</long>
                  <long>3297</long>
                  <long>3298</long>
                  <long>3299</long>
                  <long>3300</long>
                  <long>3301</long>
                  <long>3302</long>
                  <long>3303</long>
                  <long>3304</long>
                  <long>3305</long>
                  <long>3306</long>
                  <long>3307</long>
                  <long>3308</long>
                  <long>3309</long>
                  <long>3310</long>
                  <long>3311</long>
                  <long>3312</long>
                  <long>3313</long>
                  <long>3314</long>
                  <long>3315</long>
                  <long>3316</long>
                  <long>3317</long>
                  <long>3318</long>
                  <long>3319</long>
                  <long>3320</long>
                  <long>3321</long>
                  <long>3322</long>
                  <long>3323</long>
                  <long>3324</long>
                  <long>3325</long>
                  <long>3326</long>
                  <long>3327</long>
                  <long>3328</long>
                  <long>3329</long>
                  <long>3330</long>
                  <long>3331</long>
                  <long>3332</long>
                  <long>3333</long>
                  <long>3334</long>
                  <long>3335</long>
                  <long>3336</long>
                  <long>3337</long>
                  <long>3338</long>
                  <long>3339</long>
                  <long>3340</long>
                  <long>3341</long>
                  <long>3342</long>
                  <long>3343</long>
                  <long>3344</long>
                  <long>3345</long>
                  <long>3346</long>
                  <long>3347</long>
                  <long>3348</long>
                  <long>3349</long>
                  <long>3350</long>
                  <long>3351</long>
                  <long>3352</long>
                  <long>3353</long>
                  <long>3354</long>
                  <long>3355</long>
                  <long>3356</long>
                  <long>3357</long>
                  <long>3358</long>
                  <long>3359</long>
                  <long>3360</long>
                  <long>3361</long>
                  <long>3362</long>
                  <long>3363</long>
                  <long>3364</long>
                  <long>3365</long>
                  <long>3366</long>
                  <long>3367</long>
                  <long>3368</long>
                  <long>3369</long>
                  <long>3370</long>
                  <long>3371</long>
                  <long>3372</long>
                  <long>3373</long>
                  <long>3374</long>
                  <long>3375</long>
                  <long>3376</long>
                  <long>3377</long>
                  <long>3378</long>
                  <long>3379</long>
                  <long>3380</long>
                  <long>3381</long>
                  <long>3382</long>
                  <long>3383</long>
                  <long>3384</long>
                  <long>3385</long>
                  <long>3386</long>
                  <long>3387</long>
                  <long>3388</long>
                  <long>3389</long>
                  <long>3390</long>
                  <long>3391</long>
                  <long>3392</long>
                  <long>3393</long>
                  <long>3394</long>
                  <long>3395</long>
                  <long>3396</long>
                  <long>3397</long>
                  <long>3398</long>
                  <long>3399</long>
                  <long>3400</long>
                  <long>3401</long>
                  <long>3402</long>
                  <long>3403</long>
                  <long>3404</long>
                  <long>3405</long>
                  <long>3406</long>
                  <long>3407</long>
                  <long>3408</long>
                  <long>3409</long>
                  <long>3410</long>
                  <long>3411</long>
                  <long>3412</long>
                  <long>3413</long>
                  <long>3414</long>
                  <long>3415</long>
                  <long>3416</long>
                  <long>3424</long>
                  <long>3453</long>
                  <long>3460</long>
                  <long>3461</long>
                  <long>3464</long>
                  <long>3465</long>
                  <long>3466</long>
                  <long>3482</long>
                  <long>3483</long>
                  <long>3484</long>
                  <long>3485</long>
                  <long>3486</long>
                  <long>3487</long>
                  <long>3488</long>
                  <long>3489</long>
                  <long>3490</long>
                  <long>3491</long>
                  <long>3492</long>
                  <long>3493</long>
                  <long>3517</long>
                  <long>3518</long>
                  <long>3519</long>
                  <long>3520</long>
                  <long>3522</long>
                  <long>3557</long>
                  <long>3564</long>
                  <long>3565</long>
                  <long>3566</long>
                  <long>3568</long>
                  <long>3571</long>
                  <long>3572</long>
                  <long>3573</long>
                  <long>3574</long>
                  <long>3575</long>
                  <long>3576</long>
                  <long>3577</long>
                  <long>3578</long>
                  <long>3580</long>
                  <long>3581</long>
                  <long>3582</long>
                  <long>3583</long>
                  <long>3584</long>
                  <long>3587</long>
                  <long>3588</long>
                  <long>3591</long>
                  <long>3592</long>
                  <long>3593</long>
                  <long>3594</long>
                  <long>3596</long>
                  <long>3608</long>
                  <long>3609</long>
                  <long>3610</long>
                  <long>3618</long>
                  <long>3624</long>
                  <long>3626</long>
                  <long>3633</long>
                  <long>3634</long>
                  <long>3637</long>
                  <long>3638</long>
                  <long>3653</long>
                  <long>3685</long>
                  <long>3705</long>
                  <long>3706</long>
                  <long>3707</long>
                  <long>3708</long>
                  <long>3709</long>
                  <long>3717</long>
                  <long>3748</long>
                  <long>3771</long>
                  <long>3772</long>
                  <long>3773</long>
                  <long>3834</long>
                  <long>3843</long>
                  <long>3865</long>
                  <long>3866</long>
                  <long>3867</long>
                  <long>3869</long>
                  <long>3874</long>
                  <long>3875</long>
                  <long>3877</long>
                  <long>3880</long>
                  <long>3884</long>
                  <long>3885</long>
                  <long>3890</long>
                  <long>3892</long>
                  <long>3893</long>
                  <long>3894</long>
                  <long>3895</long>
                  <long>3896</long>
                  <long>3898</long>
                  <long>3899</long>
                  <long>3905</long>
                  <long>3906</long>
                  <long>3908</long>
                  <long>3909</long>
                  <long>3910</long>
                  <long>3916</long>
                  <long>3917</long>
                  <long>3918</long>
                  <long>3920</long>
                  <long>3922</long>
                  <long>3924</long>
                  <long>3926</long>
                  <long>3928</long>
                  <long>3929</long>
                  <long>3930</long>
                  <long>3933</long>
                  <long>3934</long>
                  <long>3935</long>
                  <long>3937</long>
                  <long>3938</long>
                  <long>3939</long>
                  <long>3940</long>
                  <long>3964</long>
                  <long>3977</long>
                  <long>4001</long>
                  <long>4002</long>
                  <long>4003</long>
                  <long>4004</long>
                  <long>4005</long>
                  <long>4015</long>
                  <long>4016</long>
                  <long>4017</long>
                  <long>4019</long>
                  <long>4022</long>
                  <long>4026</long>
                  <long>4030</long>
                  <long>4033</long>
                  <long>4034</long>
                  <long>4070</long>
                  <long>4100</long>
                  <long>4101</long>
                  <long>4102</long>
                  <long>4103</long>
                  <long>4104</long>
                  <long>4105</long>
                  <long>4106</long>
                  <long>4107</long>
                  <long>4108</long>
                  <long>4109</long>
                  <long>4110</long>
                  <long>4111</long>
                  <long>4112</long>
                  <long>4113</long>
                  <long>4114</long>
                  <long>4119</long>
                  <long>4128</long>
                  <long>4129</long>
                  <long>4137</long>
                  <long>4144</long>
                  <long>4170</long>
                  <long>4171</long>
                  <long>4172</long>
                  <long>4173</long>
                  <long>4174</long>
                  <long>4179</long>
                  <long>4180</long>
                  <long>4350</long>
                  <long>4351</long>
                  <long>4352</long>
                  <long>4353</long>
                  <long>4354</long>
                  <long>4355</long>
                  <long>4356</long>
                  <long>4357</long>
                  <long>4358</long>
                  <long>4359</long>
                  <long>4380</long>
                  <long>4381</long>
                  <long>4382</long>
                  <long>4383</long>
                  <long>4384</long>
                  <long>4385</long>
                  <long>4386</long>
                  <long>4387</long>
                  <long>4388</long>
                  <long>4389</long>
                  <long>4390</long>
                  <long>4391</long>
                  <long>4392</long>
                  <long>4393</long>
                  <long>4394</long>
                  <long>4395</long>
                  <long>4413</long>
                  <long>4414</long>
                  <long>4418</long>
                  <long>4422</long>
                  <long>4425</long>
                  <long>4444</long>
                  <long>4445</long>
                  <long>4446</long>
                  <long>4447</long>
                  <long>4448</long>
                  <long>4461</long>
                  <long>4462</long>
                  <long>4463</long>
                  <long>4471</long>
                  <long>4472</long>
                  <long>4473</long>
                  <long>4477</long>
                  <long>4478</long>
                  <long>4479</long>
                  <long>4480</long>
                  <long>4481</long>
                  <long>4482</long>
                  <long>4483</long>
                  <long>4484</long>
                  <long>4485</long>
                  <long>4486</long>
                  <long>4487</long>
                  <long>4488</long>
                  <long>4489</long>
                  <long>4504</long>
                  <long>4505</long>
                  <long>4508</long>
                  <long>4509</long>
                  <long>4510</long>
                  <long>4511</long>
                  <long>4523</long>
                  <long>4526</long>
                  <long>4532</long>
                  <long>4533</long>
                  <long>4536</long>
                  <long>4538</long>
                  <long>4540</long>
                  <long>4541</long>
                  <long>4542</long>
                  <long>4543</long>
                  <long>4545</long>
                  <long>4547</long>
                  <long>4548</long>
                  <long>4552</long>
                  <long>4553</long>
                  <long>4554</long>
                  <long>4555</long>
                  <long>4557</long>
                  <long>4573</long>
                  <long>4579</long>
                  <long>4580</long>
                  <long>4586</long>
                  <long>4588</long>
                  <long>4590</long>
                  <long>4593</long>
                  <long>4594</long>
                  <long>4595</long>
                  <long>4600</long>
                  <long>4646</long>
                  <long>4650</long>
                  <long>4653</long>
                  <long>4665</long>
                  <long>4666</long>
                  <long>4667</long>
                  <long>4669</long>
                  <long>4670</long>
                  <long>4671</long>
                  <long>4675</long>
                  <long>4679</long>
                  <long>4683</long>
                  <long>4685</long>
                  <long>4688</long>
                  <long>4690</long>
                  <long>4693</long>
                  <long>4695</long>
                  <long>4702</long>
                  <long>4707</long>
                  <long>4723</long>
                  <long>4728</long>
                  <long>4729</long>
                  <long>4732</long>
                  <long>4735</long>
                  <long>4737</long>
                  <long>4744</long>
                  <long>4755</long>
                  <long>4758</long>
                  <long>4770</long>
                  <long>4787</long>
                  <long>4794</long>
                  <long>4839</long>
                  <long>4841</long>
                  <long>4890</long>
                  <long>4895</long>
                  <long>4897</long>
                  <long>4899</long>
                  <long>5153</long>
                  <long>5265</long>
                  <long>5266</long>
                  <long>5270</long>
                  <long>5296</long>
                  <long>5299</long>
                  <long>5305</long>
                  <long>5311</long>
                  <long>5312</long>
                  <long>5319</long>
                  <long>5320</long>
                  <long>5324</long>
                  <long>5325</long>
                  <long>5327</long>
                  <long>5330</long>
                  <long>5331</long>
                  <long>5337</long>
                  <long>5339</long>
                  <long>5340</long>
                  <long>5344</long>
                  <long>5345</long>
                  <long>5364</long>
                  <long>5368</long>
                  <long>5370</long>
                  <long>5375</long>
                  <long>5390</long>
                  <long>5404</long>
                  <long>5408</long>
                  <long>5409</long>
                  <long>5415</long>
                  <long>5418</long>
                  <long>5421</long>
                  <long>5425</long>
                  <long>5426</long>
                  <long>5432</long>
                  <long>5437</long>
                  <long>5450</long>
                  <long>5451</long>
                  <long>5471</long>
                  <long>5480</long>
                  <long>5484</long>
                  <long>5489</long>
                  <long>5503</long>
                  <long>5510</long>
                  <long>5511</long>
                  <long>5518</long>
                  <long>5520</long>
                  <long>5531</long>
                  <long>5532</long>
                  <long>5534</long>
                  <long>5541</long>
                  <long>5543</long>
                  <long>5556</long>
                  <long>5561</long>
                  <long>5562</long>
                  <long>5565</long>
                  <long>5568</long>
                  <long>5573</long>
                  <long>5575</long>
                  <long>5577</long>
                  <long>5578</long>
                  <long>5582</long>
                  <long>5587</long>
                  <long>5592</long>
                  <long>5593</long>
                  <long>5605</long>
                  <long>5607</long>
                  <long>5608</long>
                  <long>5615</long>
                  <long>5616</long>
                  <long>5617</long>
                  <long>5618</long>
                  <long>5619</long>
                  <long>5630</long>
                  <long>5689</long>
                  <long>5744</long>
                  <long>5753</long>
                  <long>5808</long>
                  <long>5809</long>
                  <long>5810</long>
                  <long>5824</long>
                  <long>5845</long>
                  <long>5850</long>
                  <long>5876</long>
                  <long>5884</long>
                  <long>5886</long>
                  <long>5900</long>
                  <long>5916</long>
                  <long>5975</long>
                  <long>6002</long>
                  <long>6019</long>
                  <long>6071</long>
                  <long>6083</long>
                  <long>6086</long>
                  <long>6090</long>
                  <long>6091</long>
                  <long>6093</long>
                  <long>6100</long>
                  <long>6185</long>
                  <long>6186</long>
                  <long>6187</long>
                  <long>6188</long>
                  <long>6189</long>
                  <long>6190</long>
                  <long>6191</long>
                  <long>6192</long>
                  <long>6193</long>
                  <long>6194</long>
                  <long>6196</long>
                  <long>6206</long>
                  <long>6214</long>
                  <long>6219</long>
                  <long>6228</long>
                  <long>6229</long>
                  <long>6230</long>
                  <long>6233</long>
                  <long>6236</long>
                  <long>6238</long>
                  <long>6240</long>
                  <long>6241</long>
                  <long>6242</long>
                  <long>6243</long>
                  <long>6245</long>
                  <long>6253</long>
                  <long>6255</long>
                  <long>6280</long>
                  <long>6286</long>
                  <long>6291</long>
                  <long>6292</long>
                  <long>6295</long>
                  <long>6300</long>
                  <long>6306</long>
                  <long>6318</long>
                  <long>6320</long>
                  <long>6322</long>
                  <long>6324</long>
                  <long>6326</long>
                  <long>6327</long>
                  <long>6328</long>
                  <long>6365</long>
                  <long>6366</long>
                  <long>6368</long>
                  <long>6369</long>
                  <long>6372</long>
                  <long>6374</long>
                  <long>6382</long>
                  <long>6387</long>
                  <long>6388</long>
                  <long>6390</long>
                  <long>6391</long>
                  <long>6392</long>
                  <long>6393</long>
                  <long>6396</long>
                  <long>6397</long>
                  <long>6400</long>
                  <long>6406</long>
                  <long>6416</long>
                  <long>6420</long>
                  <long>6421</long>
                  <long>6422</long>
              </queryIds>
              <id>110002</id>
              <name>Checkmarx Default</name>
              <owningteam>12321</owningteam>
              <isPublic>true</isPublic>
              <owner>CxUser</owner>
              <isUserAllowToUpdate>true</isUserAllowToUpdate>
              <isUserAllowToDelete>true</isUserAllowToDelete>
              <IsDuplicate>false</IsDuplicate>
          </preset>
      </GetPresetDetailsResult>
  </GetPresetDetailsResponse>