[{"id":1,"teamId":3,"name":"CxAccess","isPublic":true,"presetId":110002,"createdDate":"2020-06-17T23:35:01.63+10:00","configuration":{"customFields":[]}},{"id":2,"teamId":1,"name":"webgoat","isPublic":true,"presetId":110002,"createdDate":"2020-06-17T23:47:33.28+10:00","configuration":{"customFields":[]}},{"id":3,"teamId":1,"name":"AltStore","isPublic":true,"presetId":19,"createdDate":"2020-06-22T12:55:10.6533333+10:00","configuration":{"customFields":[]}},{"id":4,"teamId":1,"name":"CloudSheep","isPublic":true,"presetId":100000,"createdDate":"2020-07-16T16:03:19.9133333+10:00","configuration":{"customFields":[]}},{"id":5,"teamId":1,"name":"webgoat-git","isPublic":true,"presetId":1,"createdDate":"2020-07-27T04:15:13.0966667+10:00","configuration":{"customFields":[]}},{"id":6,"teamId":1,"name":"xss-demo-auspost","isPublic":true,"presetId":110002,"createdDate":"2020-07-31T13:50:47.01+10:00","configuration":{"customFields":[]}},{"id":10006,"teamId":1,"name":"CSPF","isPublic":true,"presetId":110002,"createdDate":"2020-08-19T16:07:18.8866667+10:00","configuration":{"customFields":[]}},{"id":10009,"teamId":1,"name":"test","isPublic":true,"presetId":110002,"createdDate":"2020-10-20T16:15:09.96+11:00","configuration":{"customFields":[]}},{"id":10010,"teamId":3,"name":"test_xxe","isPublic":true,"presetId":1,"createdDate":"2020-10-20T20:37:58.4166667+11:00","configuration":{"customFields":[]}},{"id":10011,"teamId":1,"name":"test_cxsplunk","isPublic":true,"presetId":1,"createdDate":"2020-12-07T16:17:38.3233333+11:00","configuration":{"customFields":[]}},{"id":10012,"teamId":1,"name":"java_bookstore","isPublic":true,"presetId":1,"createdDate":"2020-12-13T21:11:27.39+11:00","configuration":{"customFields":[]}},{"id":10013,"teamId":4,"name":"cxanalytix","isPublic":true,"presetId":110002,"createdDate":"2020-12-18T13:19:51.6666667+11:00","configuration":{"customFields":[]}},{"id":20013,"teamId":1,"name":"java_book_store_github - build and scan - Default Job","isPublic":true,"presetId":110002,"createdDate":"2021-02-09T10:57:58.7366667+11:00","configuration":{"customFields":[]}},{"id":20014,"teamId":3,"name":"CxAccessLDAPUserWithPostScan","isPublic":true,"presetId":110005,"createdDate":"2021-03-24T15:20:12.4933333+11:00","configuration":{"customFields":[]}},{"id":20016,"teamId":1,"name":"find-sec-bugs-kotlin-TC","isPublic":true,"presetId":110002,"createdDate":"2021-07-02T13:34:05.04+10:00","configuration":{"customFields":[]}},{"id":20017,"teamId":1,"name":"Build","isPublic":true,"presetId":110002,"createdDate":"2021-07-02T13:47:41.1866667+10:00","configuration":{"customFields":[]}},{"id":20067,"teamId":1,"name":"00085620 Attachments","isPublic":true,"presetId":110002,"createdDate":"2021-08-13T15:15:47.3833333+10:00","configuration":{"customFields":[]}},{"id":20068,"teamId":1,"name":"NAB Demo","isPublic":true,"presetId":110006,"createdDate":"2021-08-24T11:21:32.1066667+10:00","configuration":{"customFields":[]}},{"id":20069,"teamId":1,"name":"test-django","isPublic":true,"presetId":110002,"createdDate":"2021-09-08T16:12:26.35+10:00","configuration":{"customFields":[]}},{"id":20070,"teamId":2002,"name":"Build-Easybuggy4django-TC","isPublic":true,"presetId":110002,"createdDate":"2021-09-08T06:17:19.1466667+10:00","configuration":{"customFields":[]}},{"id":20119,"teamId":1,"name":"webgoat-branch-test","isPublic":true,"presetId":110002,"createdDate":"2021-10-07T10:19:15.4533333+11:00","configuration":{"customFields":[]}},{"id":20120,"teamId":1,"name":"webgoat-without-branch","isPublic":true,"presetId":110002,"createdDate":"2021-10-07T10:20:45.92+11:00","configuration":{"customFields":[{"fieldName":"test_cf1","fieldValue":"test_val1"}]}},{"id":20122,"teamId":1,"name":"test_cf_cxanalytix","isPublic":true,"presetId":110002,"createdDate":"2021-10-27T16:36:17.8333333+11:00","configuration":{"customFields":[{"fieldName":"test_cf1","fieldValue":"test_val2"}]}},{"id":20123,"teamId":1,"name":"test-sqli","isPublic":true,"presetId":110002,"createdDate":"2021-11-15T11:35:44.19+11:00","configuration":{"customFields":[]}},{"id":20124,"teamId":1,"name":"CxAccess-github-new-flow","isPublic":true,"presetId":110005,"createdDate":"2021-11-25T13:25:29.43+11:00","configuration":{"customFields":[]}},{"id":20174,"teamId":1002,"name":"find-sec-bugs-kotlin-jenkins","isPublic":true,"presetId":110002,"createdDate":"2021-12-07T04:26:23.5366667+11:00","configuration":{"customFields":[]}},{"id":20175,"teamId":1,"name":"test-00098422","isPublic":true,"presetId":110002,"createdDate":"2021-12-07T16:06:52.26+11:00","configuration":{"customFields":[]}},{"id":20224,"teamId":1,"name":"altstore-branch-demo","isPublic":true,"presetId":19,"createdDate":"2021-12-09T10:12:56.39+11:00","configuration":{"customFields":[]}},{"id":20274,"teamId":1,"name":"00099818","isPublic":true,"presetId":110002,"createdDate":"2021-12-17T20:54:07.1733333+11:00","configuration":{"customFields":[]}},{"id":20324,"teamId":1,"name":"cx-java-util","isPublic":true,"presetId":1,"createdDate":"2021-12-22T14:49:48.7466667+11:00","configuration":{"customFields":[]}},{"id":20374,"teamId":1,"name":"cx-java-util-branch","isPublic":true,"presetId":1,"createdDate":"2021-12-23T11:41:38.8666667+11:00","configuration":{"customFields":[]}},{"id":20424,"teamId":1,"name":"SomeProject","isPublic":true,"presetId":110002,"createdDate":"2022-01-24T07:03:10.1466667+11:00","configuration":{"customFields":[]}},{"id":20425,"teamId":1,"name":"SomeProject2","isPublic":true,"presetId":110002,"createdDate":"2022-01-24T07:24:26.1833333+11:00","configuration":{"customFields":[]}},{"id":20426,"teamId":1,"name":"SomeProject3","isPublic":true,"presetId":110002,"createdDate":"2022-01-24T07:30:02.04+11:00","configuration":{"customFields":[]}},{"id":20427,"teamId":1,"name":"mutants","isPublic":true,"presetId":110002,"createdDate":"2022-02-14T03:29:21.9033333+11:00","configuration":{"customFields":[]}},{"id":20428,"teamId":4,"name":"cli-find-sec-bugs","isPublic":true,"presetId":110002,"createdDate":"2022-02-14T03:37:22.1733333+11:00","configuration":{"customFields":[]}},{"id":20477,"teamId":4,"name":"test-empty","isPublic":true,"presetId":110002,"createdDate":"2022-02-17T16:02:32.05+11:00","configuration":{"customFields":[]}},{"id":20527,"teamId":1002,"name":"test-swift-1","isPublic":true,"presetId":110002,"createdDate":"2022-02-24T10:37:39.5466667+11:00","configuration":{"customFields":[]}},{"id":20528,"teamId":1002,"name":"brooklyn","isPublic":true,"presetId":110002,"createdDate":"2022-02-24T10:42:56.7833333+11:00","configuration":{"customFields":[]}},{"id":20577,"teamId":1,"name":"test-speed-kt-kts","isPublic":true,"presetId":110002,"createdDate":"2022-02-28T10:13:31.4133333+11:00","configuration":{"customFields":[]}},{"id":20578,"teamId":1,"name":"test-speed-kt-kts-old-flow","isPublic":true,"presetId":110002,"createdDate":"2022-02-28T10:35:23.3+11:00","configuration":{"customFields":[]}},{"id":20579,"teamId":4,"name":"webgoat-github","isPublic":true,"presetId":110002,"createdDate":"2022-03-04T16:15:11.05+11:00","configuration":{"customFields":[]}},{"id":20580,"teamId":3,"name":"SampleProject_Reflected_xss_1.sln","isPublic":true,"presetId":110002,"createdDate":"2022-03-21T12:11:29.8733333+11:00","configuration":{"customFields":[]}},{"id":20630,"teamId":4,"name":"jenkins.java_bookstore.master","isPublic":true,"presetId":110002,"createdDate":"2022-03-27T23:33:00.7066667+11:00","configuration":{"customFields":[]}},{"id":20631,"teamId":1002,"name":"jenkins.java_bookstore.master","isPublic":true,"presetId":110002,"createdDate":"2022-03-28T00:07:12.6533333+11:00","configuration":{"customFields":[]}},{"id":20681,"teamId":1,"name":"test-sched","isPublic":true,"presetId":110002,"createdDate":"2022-08-29T16:28:44.8833333+10:00","configuration":{"customFields":[]}}]